chain,end_joint,end_member,end_UC,end_FLS_UC,end_OD,status,reason,cone_start_joint,next_member,next_length,cone_OD_L,cone_OD_S,cone_THK,new_joint,cone_member,cone_group,remainder_member,remainder_group,remainder_new_OD,reduction_cm
1562..1564,1562,1562-1170,0.9968080207931608,0.065,92.0,skipped,OD reduction 0.0 cm below 18.4 cm (20% of end OD),1170,1170-1173,10.022883517231955,,,,,,,,,,
1562..1564,1564,1167-1564,0.7136595905262502,0.001,92.0,skipped,OD reduction 0.0 cm below 18.4 cm (20% of end OD),1167,1173-1167,10.02311827726282,,,,,,,,,,
1515..1362,1515,1515-1562,0.76469865740181,0.373,134.0,skipped,braces at cone start joint,1562,,,,,,,,,,,,
1560..1561,1560,1560-1169,0.9947799371582212,0.086,92.0,skipped,OD reduction 0.0 cm below 18.4 cm (20% of end OD),1169,1169-1175,11.751785609004278,,,,,,,,,,
1560..1561,1561,1165-1561,0.6689568866433055,0.055,92.0,skipped,OD reduction 0.0 cm below 18.4 cm (20% of end OD),1165,1175-1165,11.751785609004274,,,,,,,,,,
1286..1527,1286,1286-1560,0.7532683918895307,0.086,134.0,skipped,braces at cone start joint,1560,,,,,,,,,,,,
1286..1527,1527,1265-1527,0.6587769706007962,0.062,134.0,skipped,"next member too short: 0.30 m after cone, 0.58 m needed",1265,1304-1265,1.2999999999999972,,,,,,,,,,
1052..2098,1052,1052-1034,0.6151903824115937,0.248,159.0,skipped,OD reduction 0.0 cm below 31.8 cm (20% of end OD),1034,1034-1079,10.45878434618479,,,,,,,,,,
1052..2098,2098,1036-2098,0.9746649450204736,0.08,157.0,skipped,OD reduction 0.0 cm below 31.4 cm (20% of end OD),1036,1079-1036,10.458309280184825,,,,,,,,,,
1125..2546,1125,1125-1041,0.7357817309692316,0.002,123.0,skipped,OD reduction 0.0 cm below 24.6 cm (20% of end OD),1041,1041-1077,7.901903188473013,,,,,,,,,,
1125..2546,2546,1040-2546,0.8148197834996036,0.003,123.0,skipped,OD reduction 0.0 cm below 24.6 cm (20% of end OD),1040,1077-1040,7.9040076543485185,,,,,,,,,,
1348..1362,1362,1261-1362,,,,inserted,leg end: stub partly reduced,1261,1532-1261,4.319000000000001,127.0,106.0,3.5,1307,1261-1307,HH2,1532-1307,HH3,,
1348..1362,1348,1348-1563,0.9531141491079222,0.336,166.0,skipped,braces at cone start joint,1563,,,,,,,,,,,,
1258..1509,1258,1258-1557,0.7085632449216213,0.06,134.0,skipped,braces at cone start joint,1557,,,,,,,,,,,,
1258..1509,1509,1509-1262,0.8611803055979205,0.041,134.0,skipped,"next member too short: 0.50 m after cone, 0.58 m needed",1262,1262-1303,1.5,,,,,,,,,,
1557..1561,1557,1557-1168,0.9319114266283024,0.02,92.0,skipped,OD reduction 0.0 cm below 18.4 cm (20% of end OD),1168,1168-1174,11.751785609004282,,,,,,,,,,
1557..1561,1561,1164-1561,0.6281337481907051,0.015,92.0,skipped,OD reduction 0.0 cm below 18.4 cm (20% of end OD),1164,1174-1164,11.751785609004273,,,,,,,,,,
2066..2138,2066,2066-2057,0.8910985333268177,0.367,134.0,skipped,OD reduction 0.0 cm below 26.8 cm (20% of end OD),2057,2057-2060,5.43,,,,,,,,,,
1286..2546,1286,1286-1046,0.6149197378836176,3.636974778558744e-05,123.0,skipped,OD reduction 0.0 cm below 24.6 cm (20% of end OD),1046,1046-1078,7.901903188473016,,,,,,,,,,
1286..2546,2546,1047-2546,0.7706800301157264,0.003,123.0,skipped,OD reduction 0.0 cm below 24.6 cm (20% of end OD),1047,1078-1047,7.904007654348521,,,,,,,,,,
4500..3576,4500,4500-4501,0.8822096782931934,0.006,133.0,skipped,braces at cone start joint,4501,,,,,,,,,,,,
4500..3576,3576,4513-3576,0.6134637387885268,0.012,135.0,skipped,braces at cone start joint,4513,,,,,,,,,,,,
4500..3575,4500,4500-3616,0.8662355032667772,0.192,111.0,skipped,OD reduction 0.0 cm below 22.2 cm (20% of end OD),3616,3616-3548,4.131796824627272,,,,,,,,,,
3170..3179,3179,3194-3179,0.547781957808018,0.222,115.0,skipped,closer than 2.0 m to another cone,3194,3276-3194,1.4804175086778728,,,,,,,,,,
1268..1286,1268,1268-1350,0.8385002078355703,0.227,155.0,skipped,OD reduction 0.0 cm below 31.0 cm (20% of end OD),1350,1350-1275,8.55,,,,,,,,,,
1268..1286,1286,1583-1286,0.6766112283998416,0.01,155.0,skipped,OD reduction 0.0 cm below 31.0 cm (20% of end OD),1583,1275-1583,7.5,,,,,,,,,,
3520..3193,3520,3520-1329,0.519,0.519,136.0,skipped,"next member too short: 0.46 m after cone, 0.58 m needed",1329,1329-3306,1.4590000000000032,,,,,,,,,,
2098..2175,2098,2098-2048,1.113202113741447,0.549,134.0,skipped,OD reduction 0.0 cm below 26.8 cm (20% of end OD),2048,2048-2051,5.43,,,,,,,,,,
1509..1348,1348,1620-1348,0.6497283987482698,0.002,134.0,skipped,"next member too short: 0.40 m after cone, 0.90 m needed",1620,1330-1620,1.4000000000000057,,,,,,,,,,
1509..1348,1509,1509-1309,0.7936715760333557,0.051,134.0,skipped,OD reduction 2.0 cm below 26.8 cm (20% of end OD),1309,1309-1312,1.4500000000000028,,,,,,,,,,
3170..3619,3619,3169-3619,0.3783013001919367,0.349,119.0,skipped,"next member too short: 0.37 m after cone, 0.65 m needed",3169,3209-3169,1.3683106372457976,,,,,,,,,,
1102..2548,1102,1102-1019,0.5710284512104201,0.002,123.0,skipped,OD reduction 0.0 cm below 24.6 cm (20% of end OD),1019,1019-1025,7.901903188473013,,,,,,,,,,
1102..2548,2548,1021-2548,0.6530687195842507,0.004,123.0,skipped,OD reduction 0.0 cm below 24.6 cm (20% of end OD),1021,1025-1021,7.9040076543485185,,,,,,,,,,
1029..2066,1029,1029-1000,0.5029064639732741,0.053,159.0,skipped,OD reduction 0.0 cm below 31.8 cm (20% of end OD),1000,1000-1017,10.45654938304219,,,,,,,,,,
1029..2066,2066,1015-2066,0.7760850386904077,0.056,157.0,skipped,OD reduction 0.0 cm below 31.4 cm (20% of end OD),1015,1017-1015,10.456074311136087,,,,,,,,,,
3092..4704,4704,4704-3213,0.5534342603603518,0.009,112.0,skipped,OD reduction 0.0 cm below 22.4 cm (20% of end OD),3213,3213-3617,3.880820789472244,,,,,,,,,,
2202..3170,2202,2202-2214,0.6677588716272858,0.263,116.0,skipped,OD reduction 0.0 cm below 23.2 cm (20% of end OD),2214,2214-3254,5.900911116090463,,,,,,,,,,
2202..3170,3170,2217-3170,0.757,0.757,116.0,skipped,OD reduction 0.0 cm below 23.2 cm (20% of end OD),2217,2260-2217,1.936184392045345,,,,,,,,,,
2138..2501,2138,2138-2550,0.751,0.751,135.0,skipped,braces at cone start joint,2550,,,,,,,,,,,,
2008..3019,3019,2082-3019,,,,inserted,leg end: stub partly reduced,2082,2079-2082,10.608128062952483,98.0,84.0,3.0,2306,2082-2306,VB3,2079-2306,VB2,,
1102..1258,1102,1102-1177,0.7448144680905734,0.062,133.0,skipped,OD reduction 0.0 cm below 26.6 cm (20% of end OD),1177,1179-1177,5.769999999999996,,,,,,,,,,
1115..1125,1125,1544-1125,0.7425646441947965,0.06,134.0,skipped,braces at cone start joint,1544,,,,,,,,,,,,
1115..1125,1115,1115-1195,0.6519463330337794,0.22,134.0,skipped,OD reduction 1.0 cm below 26.8 cm (20% of end OD),1195,1195-1119,8.16,,,,,,,,,,
3067..4270,4270,4270-3621,0.565739292689281,0.057,112.0,skipped,OD reduction 0.0 cm below 22.4 cm (20% of end OD),3621,3117-3621,3.655277007286862,,,,,,,,,,
3067..4283,4283,4283-3605,0.5605493354156601,0.03,112.0,skipped,OD reduction 0.0 cm below 22.4 cm (20% of end OD),3605,3654-3605,3.6563834591027193,,,,,,,,,,
3001..4270,4270,2018-4270,,,,inserted,leg end: stub partly reduced,2018,3630-2018,3.873296916065177,118.0,103.0,3.5,3076,2018-3076,HE5,3630-3076,HE6,,
3001..4270,3001,3001-3251,0.731,0.731,133.0,inserted,,3251,3251-2019,9.924652537998497,132.0,103.0,3.5,3141,3251-3141,VE0,3141-2019,VE1,103.0,30.0
2175..2516,2175,2175-2553,0.724,0.724,135.0,skipped,braces at cone start joint,2553,,,,,,,,,,,,
1362..1377,1362,1362-1260,,,,inserted,leg end: stub partly reduced,1260,1260-1533,4.318999999999999,127.0,106.0,3.5,1311,1260-1311,HH2,1311-1533,HH3,,
1362..1377,1377,1564-1377,1.213501615115362,0.214,175.0,skipped,braces at cone start joint,1564,,,,,,,,,,,,
3037..4283,4283,3029-4283,,,,inserted,leg end: stub partly reduced,3029,3632-3029,3.890289577910621,118.0,102.0,3.0,3159,3029-3159,HE8,3632-3159,VBZ,,
3037..4283,3037,3037-3248,0.706,0.706,132.0,inserted,,3248,3248-3031,9.928428778009136,131.0,102.0,3.0,3173,3248-3173,VE2,3173-3031,VBC,102.0,30.0
1045..1052,1052,0017-1052,0.7033618956653507,0.065,134.0,skipped,braces at cone start joint,0017,,,,,,,,,,,,
3151..4500,4500,3018-4500,1.3627050167251773,0.003,135.0,skipped,OD reduction 0.0 cm below 27.0 cm (20% of end OD),3018,3629-3018,2.5780420865455245,,,,,,,,,,
2138..3092,2138,2138-2284,0.6667731579558777,0.023,103.0,skipped,OD reduction 0.0 cm below 20.6 cm (20% of end OD),2284,2284-2288,10.594635859716936,,,,,,,,,,
2138..3092,3092,2285-3092,0.6912731902095295,0.041,103.0,skipped,OD reduction 0.0 cm below 20.6 cm (20% of end OD),2285,2288-2285,10.594635859716934,,,,,,,,,,
3092..4689,4689,4689-3210,,,,inserted,leg end: stub partly reduced,3210,3210-3618,3.880861373458217,93.0,88.0,2.5,3189,3210-3189,VC4,3189-3618,VC5,,
2066..3001,2066,2066-2014,0.6166833629142418,0.492,102.0,skipped,OD reduction 0.0 cm below 20.4 cm (20% of end OD),2014,2014-2020,11.462437480745532,,,,,,,,,,
2066..3001,3001,2015-3001,0.6851569904293542,0.389,102.0,skipped,OD reduction 0.0 cm below 20.4 cm (20% of end OD),2015,2020-2015,11.462437480745534,,,,,,,,,,
4696..4704,4704,3572-4704,0.5138460036442212,0.058,132.0,skipped,braces at cone start joint,3572,,,,,,,,,,,,
3572..4514,3572,3572-4186,0.685096360401879,0.058,123.0,skipped,OD reduction 1.0 cm below 24.6 cm (20% of end OD),4186,4186-4188,11.947710617520004,,,,,,,,,,
1045..2008,2008,1081-2008,0.5343968927024063,0.037,113.0,skipped,"next member too short: 0.21 m after cone, 0.58 m needed",1081,1198-1081,1.2057570236162847,,,,,,,,,,
1045..2008,1045,1045-1056,0.68,0.68,113.0,skipped,OD reduction 1.0 cm below 22.6 cm (20% of end OD),1056,1056-1103,10.196299819052008,,,,,,,,,,
1258..2548,1258,1258-1020,0.511214773833054,4.7252102132519016e-05,123.0,skipped,OD reduction 0.0 cm below 24.6 cm (20% of end OD),1020,1020-1026,7.901903188473016,,,,,,,,,,
1258..2548,2548,1023-2548,0.594608665099681,0.003,123.0,skipped,OD reduction 0.0 cm below 24.6 cm (20% of end OD),1023,1026-1023,7.904007654348521,,,,,,,,,,
1258..2501,1258,1258-1027,0.6712999330934795,0.051,180.0,skipped,OD reduction 0.0 cm below 36.0 cm (20% of end OD),1027,1027-1032,9.077248977526171,,,,,,,,,,
1258..2501,2501,1028-2501,0.6565499381740612,0.054,178.0,skipped,OD reduction 2.0 cm below 35.6 cm (20% of end OD),1028,1032-1028,9.076391353395913,,,,,,,,,,
1268..1515,1515,1561-1515,0.5742981025710333,0.412,136.0,skipped,braces at cone start joint,1561,,,,,,,,,,,,
1125..1286,1125,1125-1546,0.6685446803921165,0.063,133.0,skipped,OD reduction 0.0 cm below 26.6 cm (20% of end OD),1546,1546-1547,5.769999999999996,,,,,,,,,,
1052..1125,1052,1052-1689,0.6350950927011029,0.019,149.0,skipped,OD reduction 0.0 cm below 29.8 cm (20% of end OD),1689,1689-1690,9.11,,,,,,,,,,
1052..1125,1125,1575-1125,1.2374501745154696,0.045,149.0,skipped,OD reduction 0.0 cm below 29.8 cm (20% of end OD),1575,1690-1575,9.110000000000001,,,,,,,,,,
1527..1377,1527,1527-1310,0.6569819103741869,0.048,134.0,skipped,"next member too short: 0.12 m after cone, 0.20 m needed",1310,1310-1313,1.1199999999999903,,,,,,,,,,
3085..4500,3085,3085-2026,0.4882117044450687,0.415,133.0,skipped,OD reduction 1.0 cm below 26.6 cm (20% of end OD),2026,2026-3028,9.110600693697425,,,,,,,,,,
3085..4500,4500,2024-4500,1.1465082099402095,0.018,133.0,skipped,OD reduction 0.0 cm below 26.6 cm (20% of end OD),2024,3631-2024,3.436128344517998,,,,,,,,,,
2098..3037,2098,2098-2028,0.5842220902040871,0.541,102.0,skipped,OD reduction 0.0 cm below 20.4 cm (20% of end OD),2028,2028-2029,11.462437480745532,,,,,,,,,,
2098..3037,3037,2027-3037,0.6553877942124289,0.34,102.0,skipped,OD reduction 0.0 cm below 20.4 cm (20% of end OD),2027,2029-2027,11.462437480745534,,,,,,,,,,
1029..1102,1102,1576-1102,1.2093048145848626,0.115,149.0,skipped,OD reduction 0.0 cm below 29.8 cm (20% of end OD),1576,1691-1576,9.110000000000001,,,,,,,,,,
2501..3085,2501,2501-2003,0.6409898859419219,0.072,132.0,skipped,OD reduction 0.0 cm below 26.4 cm (20% of end OD),2003,2003-2012,9.97297773987288,,,,,,,,,,
2501..3085,3085,2004-3085,0.6514813184687891,0.029,132.0,skipped,OD reduction 0.0 cm below 26.4 cm (20% of end OD),2004,2012-2004,9.974931077456128,,,,,,,,,,
2216..2228,2216,2216-2218,0.6503775944142545,0.341,134.0,skipped,"next member too short: 0.18 m after cone, 0.58 m needed",2218,2218-2251,1.1849999999999987,,,,,,,,,,
4875..4891,4875,4875-4880,0.6140629072702999,0.015,134.0,skipped,braces at cone start joint,4880,,,,,,,,,,,,
4875..4891,4891,Q773-4891,0.6360582826913245,0.002,134.0,skipped,braces at cone start joint,Q773,,,,,,,,,,,,
3019..4157,3019,3019-S055,0.648,0.648,113.0,skipped,"next member too short: 0.14 m after cone, 0.20 m needed",S055,S055-3087,1.1368737836716978,,,,,,,,,,
1268..2138,1268,1268-1270,0.5942594993193092,0.402,113.0,skipped,OD reduction 0.0 cm below 22.6 cm (20% of end OD),1270,1270-1276,10.167360522770892,,,,,,,,,,
1268..2138,2138,1272-2138,0.6419663827261631,0.008,113.0,skipped,OD reduction 0.0 cm below 22.6 cm (20% of end OD),1272,1276-1272,10.16788419485588,,,,,,,,,,
4891..4905,4891,4891-Q778,0.6203937146608094,0.001,134.0,skipped,braces at cone start joint,Q778,,,,,,,,,,,,
4891..4905,4905,4900-4905,0.638502484436255,0.007,134.0,skipped,braces at cone start joint,4900,,,,,,,,,,,,
1377..2516,1377,1377-1057,0.6376728609400624,0.039,179.0,skipped,OD reduction 2.0 cm below 35.8 cm (20% of end OD),1057,1076-1057,6.913631824157263,,,,,,,,,,
4900..4514,4900,4900-Q610,0.5753264546209859,0.007,123.0,skipped,braces at cone start joint,Q610,,,,,,,,,,,,
1102..1115,1102,1102-1543,0.6271336386679283,0.019,134.0,skipped,braces at cone start joint,1543,,,,,,,,,,,,
1102..1115,1115,1194-1115,0.5058031669572487,0.057,134.0,skipped,OD reduction 1.0 cm below 26.8 cm (20% of end OD),1194,1107-1194,8.16,,,,,,,,,,
4500..4875,4500,4500-Q197,0.5519994405255606,0.038,133.0,skipped,braces at cone start joint,Q197,,,,,,,,,,,,
4500..4875,4875,4004-4875,0.62048187980903,0.038,133.0,skipped,OD reduction 1.0 cm below 26.6 cm (20% of end OD),4004,Q467-4004,2.219999999999999,,,,,,,,,,
2078..2155,2078,2078-2112,0.491,0.491,135.0,skipped,braces at cone start joint,2112,,,,,,,,,,,,
2078..2155,2155,2549-2155,0.615,0.615,135.0,skipped,braces at cone start joint,2549,,,,,,,,,,,,
4905..3179,4905,4905-3614,0.610831371311431,0.041,113.0,skipped,OD reduction 0.0 cm below 22.6 cm (20% of end OD),3614,3203-3614,3.9464440956385016,,,,,,,,,,
2550..2554,2554,2120-2554,0.4294888568774269,0.416,108.0,skipped,next member is a cone,2120,2120-2294,0.9996304317096433,,,,,,,,,,
2550..2554,2550,2550-2119,0.5969970333312133,0.236,92.0,skipped,OD reduction 16.0 cm below 18.4 cm (20% of end OD),2119,2119-2136,11.802390435839683,,,,,,,,,,
Q483..BO99,Q483,Q483-BO96,0.5947944206273957,0.003,40.64,skipped,braces at cone start joint,BO96,,,,,,,,,,,,
2509..3170,2509,2509-2564,0.502,0.502,107.0,skipped,OD reduction 1.0 cm below 21.4 cm (20% of end OD),2564,2564-2566,8.529898709832384,,,,,,,,,,
2509..3170,3170,2565-3170,0.5931489702481136,0.459,107.0,skipped,OD reduction 0.0 cm below 21.4 cm (20% of end OD),2565,2566-2565,8.530638018343051,,,,,,,,,,
2228..3170,3170,2221-3170,,,,inserted,leg end: stub partly reduced,2221,2261-2221,1.936184392045345,112.0,100.0,4.5,2307,2221-2307,VCA,2261-2307,VC8,,
2516..3104,2516,2516-2030,0.571682930018589,0.079,132.0,skipped,OD reduction 0.0 cm below 26.4 cm (20% of end OD),2030,2030-2034,9.973541397116673,,,,,,,,,,
2516..3104,3104,2031-3104,0.5905438852719229,0.03,132.0,skipped,OD reduction 0.0 cm below 26.4 cm (20% of end OD),2031,2034-2031,9.974931077456128,,,,,,,,,,
2501..3575,2501,2501-2544,0.5154572399059569,0.102,102.0,skipped,OD reduction 1.0 cm below 20.4 cm (20% of end OD),2544,2544-2556,4.444935207626767,,,,,,,,,,
2501..3575,3575,2545-3575,0.5850939828258733,0.07,102.0,skipped,OD reduction 0.0 cm below 20.4 cm (20% of end OD),2545,2559-2545,2.7089499810812314,,,,,,,,,,
2175..3092,2175,2175-2286,0.5338582039034909,0.007,103.0,skipped,OD reduction 0.0 cm below 20.6 cm (20% of end OD),2286,2286-2289,10.594001179913093,,,,,,,,,,
2175..3092,3092,2287-3092,0.578320247408564,0.046,103.0,skipped,OD reduction 0.0 cm below 20.6 cm (20% of end OD),2287,2289-2287,10.59538885553522,,,,,,,,,,
2202..2216,2216,2211-2216,0.5781060330859505,0.311,134.0,skipped,"next member too short: 0.23 m after cone, 0.58 m needed",2211,3343-2211,1.225999999999999,,,,,,,,,,
1359..2216,2216,1682-2216,0.5005214785625935,0.025,105.0,skipped,"next member too short: 0.01 m after cone, 0.20 m needed",1682,1679-1682,1.009614282783281,,,,,,,,,,
1355..1416,1355,1355-1409,0.5707661217108888,0.001,93.0,skipped,"next member too short: 0.35 m after cone, 0.90 m needed",1409,1409-1411,1.3499999999999943,,,,,,,,,,
1562..1563,1562,1562-1171,0.5669380483530012,0.11,92.0,skipped,OD reduction 1.0 cm below 18.4 cm (20% of end OD),1171,1171-1172,10.023698169837319,,,,,,,,,,
3575..3500,3575,3575-2227,,,,inserted,leg end: stub partly reduced,2227,3242-2227,4.640000000000001,138.0,114.0,2.5,3243,2227-3243,HAM,3242-3243,HAN,,
1515..2501,2501,1201-2501,0.5585873816941689,0.022,102.0,skipped,OD reduction 0.0 cm below 20.4 cm (20% of end OD),1201,1217-1201,5.7443594072794575,,,,,,,,,,
3570..4513,3570,3570-4180,0.5572062751150005,0.031,123.0,skipped,OD reduction 1.0 cm below 24.6 cm (20% of end OD),4180,4180-4182,11.947710617520002,,,,,,,,,,
1373..1417,1373,1373-1410,0.5568699637977126,0.002,93.0,skipped,"next member too short: 0.35 m after cone, 0.90 m needed",1410,1410-1415,1.3499999999999943,,,,,,,,,,
1359..2202,2202,1216-2202,0.5158615991674084,0.005,105.0,skipped,OD reduction 0.0 cm below 21.0 cm (20% of end OD),1216,1214-1216,4.704022533959631,,,,,,,,,,
4146..4277,4146,4146-4160,0.5540297205292285,0.443,134.0,skipped,braces at cone start joint,4160,,,,,,,,,,,,
3193..4521,3193,3193-3040,0.551,0.551,139.0,skipped,OD reduction 2.0 cm below 27.8 cm (20% of end OD),3040,3040-3062,3.7862818172978163,,,,,,,,,,
2501..1348,2501,2501-1037,,,,inserted,leg end: stub partly reduced,1037,1037-1207,1.736217152317074,150.0,132.0,6.0,1358,1037-1358,VH0,1358-1207,VH1,,
1115..2066,1115,1115-1126,0.5315522656802504,0.207,113.0,skipped,OD reduction 0.0 cm below 22.6 cm (20% of end OD),1126,1126-1130,10.194923050224558,,,,,,,,,,
1115..2066,2066,1129-2066,0.5440157011884507,0.007,113.0,skipped,OD reduction 0.0 cm below 22.6 cm (20% of end OD),1129,1130-1129,10.194599845015988,,,,,,,,,,
3019..4135,3019,3019-S054,0.537,0.537,113.0,skipped,"next member too short: 0.14 m after cone, 0.20 m needed",S054,S054-3134,1.1368737836716978,,,,,,,,,,
2155..2509,2509,2554-2509,0.537,0.537,149.0,skipped,braces at cone start joint,2554,,,,,,,,,,,,
3067..2066,3067,3067-2099,0.5345122582252928,0.014,103.0,skipped,OD reduction 0.0 cm below 20.6 cm (20% of end OD),2099,2102-2099,10.606172731009051,,,,,,,,,,
3067..2066,2066,2066-2096,0.525958422597369,0.098,103.0,skipped,OD reduction 0.0 cm below 20.6 cm (20% of end OD),2096,2096-2102,10.606172731009051,,,,,,,,,,
2021..2078,2021,2021-2543,0.488,0.488,126.0,skipped,braces at cone start joint,2543,,,,,,,,,,,,
3104..4521,3104,3104-3034,,,,inserted,leg end: stub partly reduced,3034,3034-3058,9.109833368399222,121.0,111.0,3.5,3279,3034-3279,VE3,3279-3058,VE4,,
3104..4521,4521,3032-4521,,,,inserted,leg end: stub partly reduced,3032,3634-3032,3.438178151288852,117.0,111.0,3.5,3280,3032-3280,HEJ,3634-3280,VE4,,
3576..4521,3576,3576-4514,0.5209922729164551,0.012,135.0,skipped,braces at cone start joint,4514,,,,,,,,,,,,
1268..2175,1268,1268-1273,0.5192594030385627,0.077,113.0,skipped,OD reduction 0.0 cm below 22.6 cm (20% of end OD),1273,1273-1277,10.167360522770892,,,,,,,,,,
1268..2175,2175,1274-2175,0.5171873980488731,0.003,113.0,skipped,OD reduction 1.0 cm below 22.6 cm (20% of end OD),1274,1277-1274,10.16788419485588,,,,,,,,,,
4521..4905,4905,4003-4905,0.5175966530923376,0.042,133.0,skipped,OD reduction 22.0 cm below 26.6 cm (20% of end OD),4003,Q468-4003,2.219999999999999,,,,,,,,,,
1286..2516,1286,1286-1048,,,,inserted,leg end: stub partly reduced,1048,1075-1048,9.078620875441382,156.0,143.0,6.0,1360,1048-1360,VI3,1075-1360,VI4,,
1286..2516,2516,1049-2516,,,,inserted,leg end: stub partly reduced,1049,1049-1075,9.076391353395913,150.0,142.0,5.5,1368,1049-1368,VI5,1368-1075,VI6,,
2501..3151,3151,2006-3151,0.5070742674136391,0.0309473086026289,123.0,skipped,OD reduction 0.0 cm below 24.6 cm (20% of end OD),2006,2183-2006,4.7233820510308115,,,,,,,,,,
3500..3151,3500,3500-3312,0.379,0.379,136.0,skipped,braces at cone start joint,3312,,,,,,,,,,,,
2516..3193,2516,2516-2033,,,,inserted,leg end: stub partly reduced,2033,2033-2170,2.4013431658136666,110.0,104.0,3.5,2308,2033-2308,H0G,2308-2170,H0H,,
2516..3193,3193,2032-3193,,,,inserted,leg end: stub partly reduced,2032,1326-2032,3.2244379355168316,116.0,103.0,3.0,1370,2032-1370,HD4,1326-1370,HD5,,
1369..2228,2228,1215-2228,,,,inserted,leg end: stub partly reduced,1215,1213-1215,4.704022533959633,93.0,88.0,4.0,1376,1215-1376,VB9,1213-1376,VB8,,
3109..4146,4146,3214-4146,,,,inserted,leg end: stub partly reduced,3214,3611-3214,3.9122138233997386,103.0,79.0,2.5,3281,3214-3281,VAD,3611-3281,XAB,,
3109..4146,3109,3109-3144,0.488,0.488,113.0,inserted,,3144,3144-3148,2.8582949462922804,111.0,79.0,2.5,3282,3144-3282,XAC,3282-3148,XAB,79.0,34.0
3619..4875,3619,3255-3619,0.3742496174764541,0.345,117.0,skipped,braces at cone start joint,3255,,,,,,,,,,,,
2501..2509,2501,2501-2160,,,,inserted,leg end: stub partly reduced,2160,2160-2502,2.88,109.0,100.0,2.0,2309,2160-2309,HD6,2309-2502,HD7,,
2501..2509,2509,2156-2509,,,,inserted,leg end: stub partly reduced,2156,2157-2156,2.347999999999999,113.0,100.0,2.0,2310,2156-2310,HD8,2157-2310,HD7,,
2516..3575,2516,2516-2560,,,,inserted,leg end: stub partly reduced,2560,2560-2567,4.62659669735757,90.0,85.0,2.5,2311,2560-2311,VBB,2311-2567,VBE,,
2516..3575,3575,2562-3575,,,,inserted,leg end: stub partly reduced,2562,2563-2562,2.0169434796245516,100.0,85.0,2.5,2312,2562-2312,VBJ,2563-2312,VBE,,
1515..2516,1515,1515-1202,,,,inserted,leg end: stub partly reduced,1202,1202-1205,10.46200172051219,93.0,83.0,2.5,1379,1202-1379,VBM,1379-1205,VBN,,
1515..2516,2516,1203-2516,,,,inserted,leg end: stub partly reduced,1203,1220-1203,5.744359407279456,88.0,83.0,2.5,1418,1203-1418,VBO,1220-1418,VBN,,
4521..4704,4521,4521-4005,,,,inserted,leg end: stub partly reduced,4005,4005-4006,8.045000000000002,115.0,109.0,3.0,4008,4005-4008,HEL,4008-4006,HEM,,
3057..3067,3057,3057-2290,,,,inserted,leg end: stub partly reduced,2290,2290-3060,1.5300000000000002,95.0,90.0,2.5,2313,2290-2313,H0M,2313-3060,H0N,,
3057..3067,3067,3045-3067,,,,inserted,leg end: stub partly reduced,3045,3010-3045,4.3980000000000015,97.0,89.0,2.0,3283,3045-3283,HBE,3010-3283,HBC,,
3001..3019,3019,3015-3019,,,,inserted,leg end: stub partly reduced,3015,3007-3015,10.0,102.0,97.0,2.0,3284,3015-3284,HBF,3007-3284,HBG,,
3001..3019,3001,3001-3126,0.462,0.462,153.0,skipped,OD reduction 0.0 cm below 30.6 cm (20% of end OD),3126,3126-3289,1.613,,,,,,,,,,
1115..2098,1115,1115-1131,0.45915082278198,0.334,113.0,skipped,OD reduction 1.0 cm below 22.6 cm (20% of end OD),1131,1131-1134,10.194073032895147,,,,,,,,,,
2009..2543,2009,2009-2064,0.4179119069890171,0.31,98.0,inserted,,2064,2064-2075,13.11624435575977,96.0,76.0,2.0,2314,2064-2314,HBL,2314-2075,HBM,76.0,21.0
2009..2543,2543,2071-2543,0.442,0.442,98.0,inserted,,2071,2075-2071,13.11765665048449,96.0,76.0,2.0,2315,2071-2315,HBL,2075-2315,HBM,76.0,21.0
2553..2554,2554,2122-2554,0.437,0.437,119.0,skipped,next member is a cone,2122,2122-2292,0.9996304317096433,,,,,,,,,,
2553..2554,2553,2553-2124,0.4375811274404499,0.374,98.0,inserted,,2124,2124-2131,11.802390435839683,96.0,77.0,2.0,2316,2124-2316,HBS,2316-2131,HBN,77.0,20.0
3170..3576,3170,3170-S056,,,,inserted,leg end: stub partly reduced,S056,S056-3589,1.239000403551178,120.0,108.0,3.5,S000,S056-S000,VD0,S000-3589,VD1,,
2078..2098,2098,2037-2098,0.3699330773509384,0.332,134.0,skipped,braces at cone start joint,2037,,,,,,,,,,,,
2037..2543,2037,2037-2074,0.4239808621098471,0.332,92.0,inserted,,2074,2074-2076,13.116913699495015,91.0,70.0,2.0,2317,2074-2317,H0O,2317-2076,H0P,70.0,22.0
2037..2543,2543,2072-2543,0.324,0.324,92.0,inserted,,2072,2076-2072,13.117656650484491,91.0,70.0,2.0,2318,2072-2318,H0O,2076-2318,H0P,70.0,22.0
2066..2078,2066,2066-2009,0.3624039809762742,0.31,134.0,skipped,braces at cone start joint,2009,,,,,,,,,,,,
3561..4875,4875,3021-4875,,,,inserted,leg end: stub partly reduced,3021,3636-3021,2.579908913120768,121.0,115.0,4.0,3285,3021-3285,H0Q,3636-3285,XE3,,
3170..3193,3170,3170-3257,0.342,0.342,184.0,skipped,"next member too short: 0.02 m after cone, 0.20 m needed",3257,3257-3768,1.0249999999999986,,,,,,,,,,
3104..3520,3104,3104-3065,,,,inserted,leg end: stub partly reduced,3065,3065-3069,8.114999999999995,110.0,92.0,2.0,3290,3065-3290,HDF,3290-3069,HDG,,
3104..3520,3520,3068-3520,0.396,0.396,123.0,inserted,,3068,3069-3068,8.115000000000009,120.0,92.0,2.0,3291,3068-3291,HDH,3069-3291,HDG,92.0,29.0
3085..3500,3085,3085-3071,,,,inserted,leg end: stub partly reduced,3071,3071-3073,8.114999999999995,110.0,96.0,2.0,3292,3071-3292,HDI,3292-3073,HDJ,,
3085..3500,3500,3072-3500,,,,inserted,leg end: stub partly reduced,3072,3073-3072,8.115000000000009,109.0,96.0,2.0,3293,3072-3293,HDK,3073-3293,HDJ,,
3108..4146,3108,3108-3080,0.376,0.376,117.0,skipped,OD reduction 2.0 cm below 23.4 cm (20% of end OD),3080,3080-3612,5.694736604971295,,,,,,,,,,
3546..3577,3546,3546-3273,0.374,0.374,105.0,skipped,"next member too short: 0.47 m after cone, 0.99 m needed",3273,3273-3357,1.4650000000000034,,,,,,,,,,
3019..3037,3019,3019-3023,,,,inserted,leg end: stub partly reduced,3023,3023-3009,10.8,102.0,94.0,2.0,3294,3023-3294,HBT,3294-3009,HBV,,
3019..3037,3037,3124-3037,0.339,0.339,153.0,skipped,OD reduction 20.0 cm below 30.6 cm (20% of end OD),3124,3286-3124,1.963000000000001,,,,,,,,,,
2138..2155,2138,2138-2268,,,,inserted,leg end: stub partly reduced,2268,2268-2269,8.295,129.0,101.0,3.5,2319,2268-2319,HEP,2319-2269,VA9,,
1029..1045,1045,1050-1045,,,,inserted,leg end: stub partly reduced,1050,1100-1050,6.48,128.0,108.0,3.5,1420,1050-1420,HET,1100-1420,VAB,,
3037..3109,3037,2295-3037,1.102,1.102,135.0,skipped,"next member too short: -0.33 m after cone, 0.20 m needed",2295,2295-2198,0.6745146403155393,,,,,,,,,,
3037..3109,3109,3142-3109,0.355,0.355,113.0,inserted,,3142,3269-3142,3.740205475639005,112.0,87.0,3.0,3295,3142-3295,XAI,3269-3295,XAM,87.0,26.0
3500..3561,3561,3529-3561,0.353,0.353,134.0,skipped,braces at cone start joint,3529,,,,,,,,,,,,
1112..2547,1112,1112-1278,,,,inserted,leg end: stub partly reduced,1278,1278-1302,7.743097700533037,109.0,92.0,2.5,1422,1278-1422,HDL,1422-1302,H03,,
3092..3575,3575,3046-3575,,,,inserted,leg end: stub partly reduced,3046,3180-3046,1.210000000000008,120.0,100.0,2.5,3296,3046-3296,HDN,3180-3296,HDO,,
3151..3170,3170,3164-3170,0.319,0.319,184.0,skipped,"next member too short: -0.25 m after cone, 0.20 m needed",3164,3756-3164,0.75,,,,,,,,,,
3520..3586,3520,3520-3038,1.087,1.087,134.0,skipped,OD reduction 7.0 cm below 26.8 cm (20% of end OD),3038,3038-300A,1.3423918950887666,,,,,,,,,,
3520..3586,3586,3041-3586,0.339,0.339,135.0,skipped,OD reduction 7.0 cm below 27.0 cm (20% of end OD),3041,3234-3041,1.8182475079042482,,,,,,,,,,
2155..2175,2155,2155-2165,,,,inserted,leg end: stub partly reduced,2165,2273-2165,8.295000000000002,103.0,98.0,3.0,2320,2165-2320,HEV,2273-2320,H04,,
2155..2175,2175,2272-2175,,,,inserted,leg end: stub partly reduced,2272,2273-2272,8.295000000000002,127.0,98.0,3.0,2321,2272-2321,HEW,2273-2321,H04,,
1515..1527,1515,1515-1222,,,,inserted,leg end: stub partly reduced,1222,1222-K441,10.390999999999998,120.0,83.0,2.5,1423,1222-1423,HEZ,1423-K441,VBN,,
1515..1527,1527,1193-1527,,,,inserted,leg end: stub partly reduced,1193,K442-1193,5.712000000000003,118.0,83.0,2.5,K710,1193-K710,H1N,K442-K710,VBN,,
2509..2516,2509,2509-2153,,,,inserted,leg end: stub partly reduced,2153,2153-2154,2.347999999999999,95.0,90.0,2.0,2322,2153-2322,HDP,2322-2154,HDQ,,
2509..2516,2516,2515-2516,,,,inserted,leg end: stub partly reduced,2515,2152-2515,2.8800000000000026,102.0,90.0,2.0,2323,2515-2323,HDR,2152-2323,HDQ,,
3019..3067,3019,3019-3039,,,,inserted,leg end: stub partly reduced,3039,3039-3090,9.629999999999999,116.0,101.0,2.5,3297,3039-3297,HDS,3297-3090,VB5,,
3019..3067,3067,3110-3067,,,,inserted,leg end: stub partly reduced,3110,3090-3110,9.63,118.0,101.0,2.5,3298,3110-3298,HDT,3090-3298,VB5,,
3001..3108,3001,3001-2297,1.553,1.553,135.0,skipped,"next member too short: -0.41 m after cone, 0.68 m needed",2297,2297-K595,0.5939301305709284,,,,,,,,,,
3085..3092,3085,3085-3089,,,,inserted,leg end: stub partly reduced,3089,3089-3095,1.31,120.0,94.0,2.5,3299,3089-3299,H1U,3299-3095,H1V,,
3092..3104,3104,3098-3104,,,,inserted,leg end: stub partly reduced,3098,3165-3098,1.3100000000000023,101.0,93.0,2.5,3300,3098-3300,H1Z,3165-3300,H1Y,,
3067..3081,3067,3067-3044,,,,inserted,leg end: stub partly reduced,3044,3044-3077,15.280000000000001,93.0,84.0,2.0,3301,3044-3301,HDU,3301-3077,HDV,,
3067..3081,3081,2291-3081,,,,inserted,leg end: stub partly reduced,2291,3077-2291,1.5300000000000011,90.0,85.0,2.5,3302,2291-3302,HDW,3077-3302,VBE,,
4696..3576,4696,4696-4183,,,,inserted,leg end: stub partly reduced,4183,4183-4185,8.129999999999995,96.0,74.0,2.0,4009,4183-4009,H23,4009-4185,H24,,
4696..3576,3576,4184-3576,,,,inserted,leg end: stub partly reduced,4184,4185-4184,8.13000000000001,112.0,74.0,2.0,4010,4184-4010,H25,4185-4010,H24,,
1362..2509,1362,1362-1567,,,,inserted,leg end: stub partly reduced,1567,1567-1569,7.7222564707473875,104.0,86.0,3.0,1424,1567-1424,H29,1424-1569,VBH,,
1362..2509,2509,1568-2509,,,,inserted,leg end: stub partly reduced,1568,1569-1568,7.721485090317798,104.0,86.0,3.0,1425,1568-1425,H29,1569-1425,VBH,,
