chain,leg_joint,leg_members,leg_OD_min,leg_OD_max,leg_UC_SL,leg_FLS_UC,end_member,end_UC_SL,end_FLS_UC,end_OD,OD_ratio_now,status,reason,stub,cone_member,cone_type,rings_rejected_because,UC_SL_governing,size_governed_by,middle_ID,stub_new_ID,end_new_OD,OD_ratio_final,reduction_cm,stub_reaches_middle_ID,cone_action,FLS_est_brace,FLS_est_leg,end_UC_SL_estimated
4500..3575,3575,2536-3575 3575-3522,250.0,250.0,0.2695822711362461,0.859,3575-3535,0.2343653270635882,0.472,143.0,0.572,rings,,3575-3535,3535-3536,existing,,0.2695822711362461,fatigue,96.0,105.0,113.0,0.452,30.0,False,existing cone kept (resized),5.368154686245724,9.769586600603976,0.29886954552145656
3575..4521,3575,2536-3575 3575-3522,250.0,250.0,0.2695822711362461,0.859,3575-3526,,0.859,152.0,0.608,rings,,3575-3526,3526-3527,existing,,0.2695822711362461,fatigue,96.0,112.0,120.0,0.48,32.0,False,existing cone kept (resized),9.818167240684224,9.818167240684224,0.0
3193..4891,3193,2229-3193 3193-3252,250.0,250.0,0.3108742028764119,0.577,3193-3196,0.2446744541984406,0.577,149.0,0.596,rings,,3193-3196,3196-3262,existing,,0.3108742028764119,middle_ID,106.0,106.0,114.0,0.456,35.0,True,existing cone converted to tube,9.139637773819032,9.139637773819032,0.3225254168979444
3575..3500,3500,2539-3500 3500-3524,200.0,200.0,0.2659326432006061,0.379,3500-3259,0.1355210446566568,0.197,180.0,0.9,rings,,3500-3259,3259-3000,existing,,0.2659326432006061,fatigue,109.0,122.0,132.0,0.66,48.0,False,existing cone kept (resized),4.861938975044178,9.353679550973316,0.18674159696783416
3151..4891,3151,3151-2279 3562-3151,250.0,250.0,0.3091088961527693,0.422,3151-3161,0.1810680825254565,0.422,160.0,0.64,rings,,3151-3161,3161-3240,existing,,0.3091088961527693,cone_step,109.0,113.0,122.0,0.488,38.0,False,existing cone kept (resized),6.9540485517385155,6.9540485517385155,0.23962627091666797
2042..3019,3019,3019-2274 3019-3232,200.0,200.0,0.2848815505823133,0.648,2085-3019,0.3607395572978105,0.041,103.0,0.515,rings,,2085-3019,,none,,0.3607395572978105,middle_ID,74.0,74.0,81.0,0.405,22.0,True,no cone needed,0.49888177546088264,7.884765621918341,0.46314304453073735
3057..3067,3057,3057-2271 3057-3507,250.0,250.0,0.2323702309582443,0.395,3057-2290,0.2016226438493356,0.395,128.0,0.512,rings,,3057-2290,,none,,0.2323702309582443,cone_step,85.0,90.0,97.0,0.388,31.0,False,cone inserted,6.921090071590715,6.921090071590715,0.2684707931469763
3057..3067,3067,3067-2275 3067-3238,200.0,200.0,0.31897481483753,0.741,3045-3067,0.1513623588580537,0.464,128.0,0.64,rings,,3045-3067,,none,,0.31897481483753,fatigue,85.0,93.0,100.0,0.5,28.0,False,cone inserted,5.928411778211296,9.467571395807264,0.19528097075469106
3001..3019,3019,3019-2274 3019-3232,200.0,200.0,0.2848815505823133,0.648,3015-3019,0.1517190505478259,0.427,138.0,0.69,rings,,3015-3019,,none,,0.2848815505823133,fatigue,93.0,98.0,106.0,0.53,32.0,False,cone inserted,6.538439973893207,9.922503754292268,0.19931718405302615
3019..3037,3019,3019-2274 3019-3232,200.0,200.0,0.2848815505823133,0.648,3019-3023,0.1337043896439208,0.369,138.0,0.69,rings,,3019-3023,,none,,0.2848815505823133,fatigue,90.0,98.0,106.0,0.53,32.0,False,cone inserted,5.650314637860875,9.922503754292268,0.17565086482632733
2008..2021,2021,1043-2021 2021-2025,200.0,200.0,0.3658149819394892,0.488,2086-2021,0.3658149819394892,0.084,134.0,0.67,rings,no reduction possible,2086-2021,,none,,0.3658149819394892,strength,89.0,97.0,106.0,0.53,28.0,False,cone inserted,0.9601001725465381,5.57772481193703,0.4667294597159001
2138..2155,2155,1267-2155 2155-2158,200.0,200.0,0.2897909491233839,0.615,2148-2155,0.2650120479254092,0.014,133.0,0.665,rings,,2148-2155,,none,,0.2897909491233839,middle_ID,94.0,94.0,102.0,0.51,31.0,True,no cone needed,0.2186575017187982,9.605311682647207,0.3488423896160999
2021..2042,2021,1043-2021 2021-2025,200.0,200.0,0.3658149819394892,0.488,2021-2084,0.3458943774486088,0.082,134.0,0.67,rings,no reduction possible,2021-2084,,none,,0.3658149819394892,strength,83.0,97.0,106.0,0.53,28.0,False,cone inserted,0.9372406446287634,5.57772481193703,0.4413135160551216
3001..3057,3057,3057-2271 3057-3507,250.0,250.0,0.2323702309582443,0.395,3100-3057,0.1912565675377566,0.149,123.0,0.492,rings,no reduction possible,3100-3057,,none,,0.2323702309582443,middle_ID,88.0,88.0,95.0,0.38,28.0,True,no cone needed,2.1510691935745125,5.70249886887203,0.24978316744002094
4135..4146,4135,3003-4135 4135-4134,250.0,250.0,0.318837620603056,0.189,4135-4138,0.1727380566964715,0.042,134.0,0.536,rings,no reduction possible,4135-4138,,none,,0.318837620603056,middle_ID,96.0,96.0,105.0,0.42,29.0,True,no cone needed,0.5300127986696965,2.385057594013634,0.2225828690765478
4135..4270,4135,3003-4135 4135-4134,250.0,250.0,0.318837620603056,0.189,4135-E127,0.318837620603056,0.189,137.0,0.548,rings,no reduction possible,4135-E127,,none,,0.318837620603056,middle_ID,96.0,96.0,108.0,0.432,29.0,True,no cone needed,2.307666487172969,2.307666487172969,0.4094875323431405
2155..2175,2155,1267-2155 2155-2158,200.0,200.0,0.2897909491233839,0.615,2155-2165,0.2614528270168089,0.007,133.0,0.665,rings,,2155-2165,,none,,0.2897909491233839,cone_step,92.0,97.0,105.0,0.525,28.0,False,cone inserted,0.08086887568447436,7.1049083637073895,0.33393479886305294
3081..3037,3081,3081-2277 3081-3244,250.0,250.0,0.2485218908525128,0.148,3111-3081,0.1824214353218585,0.075,123.0,0.492,rings,no reduction possible,3111-3081,,none,,0.2485218908525128,middle_ID,87.0,87.0,94.0,0.376,29.0,True,no cone needed,1.2085218982783672,2.3848165459359776,0.24087692288355902
2509..2516,2509,1574-2509 2509-2519,200.0,200.0,0.3816203975905619,0.537,2509-2153,0.1748601734354338,0.009,123.0,0.615,rings,,2509-2153,,none,,0.3816203975905619,strength,86.0,91.0,98.0,0.49,25.0,False,cone inserted,0.0941030017873993,5.614812439981492,0.22111947857708297
4157..4283,4157,3035-4157 4157-4153,250.0,250.0,0.2928464828692773,0.112,4157-E150,0.2928464828692773,0.112,137.0,0.548,rings,no reduction possible,4157-E150,,none,,0.2928464828692773,middle_ID,96.0,96.0,108.0,0.432,29.0,True,no cone needed,1.3675060664728704,1.3675060664728704,0.3761067574105424
3092..3104,3104,3104-2282 3104-3246,250.0,250.0,0.3477847185683511,0.406,3098-3104,0.1462788420604715,0.217,133.0,0.532,rings,,3098-3104,,none,,0.3477847185683511,strength,88.0,96.0,104.0,0.416,29.0,False,cone inserted,2.76921602948415,5.181113861615507,0.18869970625800825
3067..3081,3067,3067-2275 3067-3238,200.0,200.0,0.31897481483753,0.741,3067-3044,0.1479051616119949,0.198,123.0,0.615,rings,,3067-3044,,none,,0.31897481483753,fatigue,80.0,89.0,96.0,0.48,27.0,False,cone inserted,2.56405251429825,9.595772288358601,0.19107747905549613
3067..3081,3081,3081-2277 3081-3244,250.0,250.0,0.2485218908525128,0.148,2291-3081,0.1807848828166285,0.148,123.0,0.492,rings,,2291-3081,,none,,0.2485218908525128,cone_step,80.0,85.0,92.0,0.368,31.0,False,cone inserted,2.9820028985538536,2.9820028985538536,0.24411066097838535
1362..2509,2509,1574-2509 2509-2519,200.0,200.0,0.3816203975905619,0.537,1568-2509,0.1211467240478242,0.003,135.0,0.675,rings,,1568-2509,,none,,0.3816203975905619,strength,80.0,98.0,108.0,0.54,27.0,False,cone inserted,0.030773899470504178,5.508528005220247,0.15290363229337034
