member_id,new_OD,new_OD_L,new_OD_S,new_THK,new_THK1,new_THK2
4880-4883,133.0,,,4.0,,
4883-Q733,132.0,,,3.5,,
Q733-Q736,132.0,,,3.5,,
4885-4917,133.0,,,4.0,,
4919-Q756,133.0,,,4.0,,
Q756-4920,133.0,,,4.0,,
4920-Q759,133.0,,,4.0,,
Q759-4921,133.0,,,4.0,,
4921-Q764,133.0,,,4.0,,
Q764-4922,132.0,,,3.5,,
4922-Q768,132.0,,,3.5,,
Q768-4923,132.0,,,3.5,,
4923-4888,133.0,,,4.0,,
1357-1359,206.0,,,6.5,,
1359-1361,206.0,,,6.5,,
1532-1261,161.0,,,3.5,,
1261-1362,162.0,,,4.0,,
1357-1531,,201.0,164.0,4.0,6.5,5.0
1361-1532,,200.0,161.0,3.5,6.5,3.5
1352-PK07,300.0,,,3.5,,
2145-2279,250.0,,,9.0,,
3562-3145,250.0,,,9.0,,
3145-BM19,250.0,,,6.5,,
BM19-BM20,250.0,,,7.0,,
BM20-3149,250.0,,,7.0,,
3149-BM22,250.0,,,7.5,,
BM22-3150,250.0,,,7.5,,
3150-3637,250.0,,,7.5,,
3637-3563,250.0,,,7.5,,
3563-BO01,250.0,,,7.5,,
BO01-3146,250.0,,,7.5,,
LGD1-960T,250.0,,,1.5,,
2201-2209,,293.0,250.0,8.5,12.0,5.5
1264-K592,132.0,,,3.5,,
K592-K576,132.0,,,3.5,,
K576-1303,132.0,,,3.5,,
1262-1303,132.0,,,3.5,,
2061-2240,132.0,,,3.5,,
2059-2061,132.0,,,3.5,,
2138-2059,133.0,,,4.0,,
1099-PK01,250.0,,,2.5,,
1098-1718,250.0,,,6.5,,
1718-1097,250.0,,,6.5,,
3507-3056,250.0,,,8.0,,
LGB1-580Y,250.0,,,2.0,,
1530-1537,200.0,,,3.0,,
1537-1540,200.0,,,5.5,,
2518-2522,200.0,,,6.0,,
2522-2537,200.0,,,3.0,,
2537-2538,200.0,,,3.0,,
3524-3525,200.0,,,7.0,,
1558-1269,200.0,,,5.5,,
1269-1267,200.0,,,2.5,,
2158-2159,200.0,,,3.0,,
2159-2146,200.0,,,2.5,,
2146-2280,200.0,,,4.5,,
3236-3091,200.0,,,6.0,,
3091-3643,200.0,,,3.0,,
3643-3093,200.0,,,2.5,,
4696-3093,200.0,,,4.5,,
4696-4697,200.0,,,4.5,,
4511-E502,132.0,,,3.5,,
1375-PK06,300.0,,,3.5,,
2144-2283,250.0,,,9.0,,
2283-2229,250.0,,,9.5,,
3252-3186,250.0,,,9.0,,
3186-3192,250.0,,,6.5,,
3192-3191,250.0,,,7.5,,
3191-3647,250.0,,,8.0,,
LGD3-99AJ,250.0,,,1.5,,
2231-2208,,292.0,250.0,8.0,12.0,5.5
3541-3542,110.0,,,2.5,,
3541-3540,114.0,,,4.5,,
3277-3540,114.0,,,4.5,,
3539-3277,115.0,,,5.0,,
3539-3538,116.0,,,5.5,,
3538-3537,116.0,,,5.5,,
3537-3278,,111.0,102.0,3.0,5.5,3.0
3535-3536,,141.0,102.0,3.0,4.0,3.0
1536-1538,200.0,,,2.5,,
1538-1574,200.0,,,2.5,,
2519-2520,200.0,,,3.0,,
2520-2521,200.0,,,2.5,,
2521-2533,200.0,,,3.0,,
2534-2535,250.0,,,6.0,,
2535-2536,250.0,,,6.5,,
3522-3523,250.0,,,6.0,,
3523-3543,250.0,,,6.0,,
3544-3545,200.0,,,3.0,,
3547-3640,200.0,,,3.0,,
3640-3549,200.0,,,2.5,,
2534-2533,,246.0,200.0,4.0,6.0,3.0
3543-3544,,247.0,200.0,4.5,6.0,3.0
3530-3532,105.0,,,4.5,,
3532-3533,104.0,,,4.0,,
3533-3553,101.0,,,2.5,,
3553-3555,101.0,,,2.5,,
3559-3555,101.0,,,2.5,,
3526-3527,,151.0,102.0,3.5,4.0,3.0
BP25-BO96,39.64,,,2.0,,
BO97-BP25,39.64,,,2.0,,
BO98-BO97,39.64,,,2.0,,
BO99-BO98,39.64,,,2.0,,
4880-3582,122.0,,,3.0,,
3582-4002,122.0,,,3.0,,
4001-Q358,122.0,,,3.0,,
Q358-4192,122.0,,,3.0,,
4192-4513,122.0,,,3.0,,
3276-3194,114.0,,,3.0,,
3268-3276,,131.0,114.0,5.0,7.5,3.0
1329-3306,135.0,,,5.0,,
3310-3137,135.0,,,5.0,,
3137-3140,132.0,,,3.5,,
3140-3193,132.0,,,3.5,,
1309-1312,132.0,,,3.5,,
1312-1316,132.0,,,3.5,,
1316-1321,132.0,,,3.5,,
1321-1323,132.0,,,3.5,,
2052-2250,132.0,,,3.5,,
2050-2052,132.0,,,3.5,,
2175-2050,133.0,,,4.0,,
3642-3168,200.0,,,4.0,,
3712-3642,200.0,,,4.0,,
3172-3712,200.0,,,6.0,,
3167-3172,200.0,,,6.0,,
3171-3167,200.0,,,4.0,,
3237-3171,200.0,,,6.0,,
2213-2281,200.0,,,5.0,,
2215-2213,200.0,,,2.5,,
2212-2215,200.0,,,2.5,,
1365-1366,200.0,,,2.0,,
1364-1365,200.0,,,3.5,,
1362-1364,200.0,,,6.5,,
1363-1362,200.0,,,6.5,,
4696-4699,131.0,,,3.0,,
4699-4191,130.0,,,2.5,,
4191-4190,130.0,,,2.5,,
4187-4514,122.0,,,3.0,,
3042-3209,124.0,,,6.0,,
3209-3169,124.0,,,6.0,,
1314-1317,131.0,,,3.0,,
1317-1320,130.0,,,2.5,,
1320-1362,131.0,,,3.0,,
1266-K536,132.0,,,3.5,,
K536-K482,132.0,,,3.5,,
K482-1304,132.0,,,3.5,,
1304-1265,132.0,,,3.5,,
3163-3617,111.0,,,2.5,,
3160-2302,,134.0,112.0,3.0,3.5,3.0
3118-3363,159.0,,,4.5,,
3363-3130,159.0,,,4.5,,
3138-3170,153.0,,,3.5,,
3130-3051,,157.0,121.0,3.5,4.5,2.5
3138-3245,,152.0,121.0,3.0,3.5,2.5
1259-PK08,250.0,,,3.0,,
1721-1257,250.0,,,9.0,,
2139-2278,250.0,,,8.0,,
3084-3506,250.0,,,8.5,,
3084-3082,250.0,,,6.0,,
3082-3648,250.0,,,6.0,,
3648-3083,250.0,,,6.0,,
LGC1-702F,250.0,,,1.5,,
2150-2069,130.0,,,2.5,,
2069-2068,131.0,,,3.0,,
2068-2501,131.0,,,3.0,,
1030-PK02,250.0,,,3.5,,
1031-1717,250.0,,,6.5,,
1717-1033,250.0,,,6.5,,
2007-2005,250.0,,,4.0,,
2005-2270,250.0,,,5.5,,
2270-2222,250.0,,,5.5,,
3509-3002,250.0,,,7.0,,
3002-3106,250.0,,,5.0,,
3106-3008,250.0,,,5.5,,
3008-3650,250.0,,,5.5,,
3650-3003,250.0,,,5.0,,
3003-4135,250.0,,,8.0,,
4135-4134,250.0,,,8.0,,
4134-LGA1,250.0,,,4.0,,
LGA1-502B,250.0,,,1.5,,
200A-2180,102.0,,,3.0,,
2180-2178,102.0,,,3.0,,
2178-2171,102.0,,,3.0,,
2171-2017,102.0,,,3.0,,
2017-2079,102.0,,,3.0,,
2079-2082,102.0,,,3.0,,
2082-3019,102.0,,,3.0,,
2058-200A,,117.0,102.0,3.0,3.5,3.0
1179-1186,132.0,,,3.5,,
1186-1550,132.0,,,3.5,,
1550-1188,132.0,,,3.5,,
1188-1190,132.0,,,3.5,,
1190-1192,132.0,,,3.5,,
1192-1258,132.0,,,3.5,,
1362-1260,162.0,,,4.0,,
1260-1533,161.0,,,3.5,,
1367-1369,206.0,,,6.5,,
1369-1371,206.0,,,6.5,,
1367-1533,,200.0,161.0,3.5,6.5,3.5
1371-1534,,203.0,173.0,5.0,6.5,5.0
Q197-4781,132.0,,,3.5,,
4781-4932,133.0,,,4.0,,
4932-4933,133.0,,,4.0,,
4933-4934,133.0,,,4.0,,
4934-Q415,133.0,,,4.0,,
4936-4863,133.0,,,4.0,,
4863-Q467,132.0,,,3.5,,
Q467-4004,132.0,,,3.5,,
1112-1116,200.0,,,5.5,,
1116-1113,200.0,,,3.0,,
1113-1111,200.0,,,3.0,,
2081-2080,200.0,,,3.0,,
2080-2083,200.0,,,3.0,,
2083-2275,200.0,,,3.0,,
3238-3066,200.0,,,7.5,,
3571-3646,200.0,,,3.0,,
3646-3070,200.0,,,2.5,,
4277-3070,200.0,,,7.0,,
4277-4278,200.0,,,7.0,,
2305-3097,111.0,,,2.5,,
3097-3096,111.0,,,2.5,,
3096-3129,111.0,,,2.5,,
3129-3800,114.0,,,4.0,,
3800-3128,114.0,,,4.0,,
3128-3112,111.0,,,2.5,,
3112-3117,111.0,,,2.5,,
3088-2305,,134.0,111.0,3.0,3.5,2.5
2304-3147,111.0,,,2.5,,
3147-3654,111.0,,,2.5,,
3131-2304,,134.0,111.0,3.0,3.5,2.5
LGA3-510I,250.0,,,1.5,,
4153-LGA3,250.0,,,4.0,,
4157-4153,250.0,,,7.5,,
3035-4157,250.0,,,7.5,,
3651-3035,250.0,,,5.0,,
3030-3651,250.0,,,5.5,,
3107-3030,250.0,,,5.5,,
3036-3107,250.0,,,5.0,,
3249-3036,250.0,,,7.0,,
2276-2223,250.0,,,5.5,,
2041-2276,250.0,,,5.5,,
2040-2041,250.0,,,4.0,,
1719-1055,250.0,,,7.5,,
1059-1719,250.0,,,7.5,,
1054-1059,250.0,,,6.5,,
1053-PK03,250.0,,,3.5,,
1051-1105,133.0,,,4.0,,
1105-1219,132.0,,,3.5,,
1219-1419,133.0,,,4.0,,
1419-0017,133.0,,,4.0,,
3251-2019,131.0,,,3.0,,
2019-3630,132.0,,,3.5,,
3630-2018,132.0,,,3.5,,
2018-4270,132.0,,,3.5,,
4893-4924,133.0,,,4.0,,
4924-Q785,132.0,,,3.5,,
Q785-4925,132.0,,,3.5,,
4925-Q788,132.0,,,3.5,,
Q788-4926,133.0,,,4.0,,
4926-Q793,133.0,,,4.0,,
Q793-4927,133.0,,,4.0,,
4927-4928,133.0,,,4.0,,
4928-Q799,133.0,,,4.0,,
Q799-4929,133.0,,,4.0,,
4929-Q803,133.0,,,4.0,,
Q803-4930,133.0,,,4.0,,
4930-4896,133.0,,,4.0,,
4896-Q807,132.0,,,3.5,,
Q807-Q811,132.0,,,3.5,,
Q811-Q814,132.0,,,3.5,,
Q814-Q817,132.0,,,3.5,,
Q817-4898,132.0,,,3.5,,
1280-PK05,250.0,,,3.5,,
1723-1284,250.0,,,9.0,,
2172-2282,250.0,,,8.0,,
3246-3102,250.0,,,8.5,,
3102-3105,250.0,,,6.0,,
3105-3649,250.0,,,6.0,,
3649-3103,250.0,,,6.0,,
LGC3-722H,250.0,,,2.0,,
2151-2054,130.0,,,2.5,,
2054-2053,130.0,,,2.5,,
2053-2516,130.0,,,2.5,,
1128-PK04,250.0,,,2.5,,
1127-1720,250.0,,,6.5,,
1720-1123,250.0,,,6.5,,
3081-2277,250.0,,,10.0,,
3081-3244,250.0,,,10.0,,
3244-3079,250.0,,,8.0,,
LGB3-593A,250.0,,,2.0,,
3248-3031,131.0,,,3.0,,
3031-3632,131.0,,,3.0,,
3632-3029,131.0,,,3.0,,
3029-4283,131.0,,,3.0,,
2303-3162,111.0,,,2.5,,
3162-3618,111.0,,,2.5,,
3210-3618,111.0,,,2.5,,
4689-3210,111.0,,,2.5,,
3157-2303,,134.0,111.0,3.0,3.5,2.5
3151-3017,134.0,,,4.5,,
3017-3027,133.0,,,4.0,,
3027-3218,138.0,,,6.5,,
3218-3016,138.0,,,6.5,,
3022-3574,134.0,,,4.5,,
3574-3182,134.0,,,4.5,,
1535-1539,200.0,,,2.5,,
1539-1541,200.0,,,5.0,,
2517-2523,200.0,,,5.0,,
2523-2540,200.0,,,2.5,,
2540-2541,200.0,,,2.5,,
2541-2542,200.0,,,2.5,,
3521-3133,200.0,,,5.0,,
3133-3554,200.0,,,4.5,,
3554-3645,200.0,,,4.5,,
3645-3556,200.0,,,4.5,,
3556-3558,200.0,,,4.5,,
1310-1313,131.0,,,3.0,,
1313-1318,131.0,,,3.0,,
1318-1322,131.0,,,3.0,,
1322-1324,132.0,,,3.5,,
1324-1331,132.0,,,3.5,,
1331-1327,132.0,,,3.5,,
1327-1377,132.0,,,3.5,,
1268-1559,134.0,,,4.5,,
1559-1566,132.0,,,3.5,,
1566-1565,131.0,,,3.0,,
1042-1043,200.0,,,2.5,,
2025-2022,200.0,,,3.0,,
2022-2023,200.0,,,3.0,,
2023-2274,200.0,,,4.5,,
3232-3020,200.0,,,7.0,,
3020-3567,200.0,,,5.0,,
3567-3641,200.0,,,4.0,,
3641-3710,200.0,,,3.5,,
1056-1103,112.0,,,3.0,,
1103-1221,112.0,,,3.0,,
1221-1121,112.0,,,3.0,,
1121-1122,112.0,,,3.0,,
1122-1198,112.0,,,3.0,,
1076-1057,174.0,,,5.0,,
1208-1076,174.0,,,5.0,,
1074-1208,174.0,,,5.0,,
1074-2516,177.0,,,6.5,,
1032-1028,176.0,,,6.0,,
2501-2187,122.0,,,3.0,,
2187-2184,122.0,,,3.0,,
2184-2185,122.0,,,3.0,,
2185-2186,122.0,,,3.0,,
2186-2191,122.0,,,3.0,,
2191-2194,122.0,,,3.0,,
2194-2192,122.0,,,3.0,,
2161-2202,122.0,,,3.0,,
4180-4182,120.0,,,2.0,,
4181-4513,122.0,,,3.0,,
4178-4179,130.0,,,2.5,,
4179-4694,130.0,,,2.5,,
4694-4696,130.0,,,2.5,,
1196-1107,133.0,,,4.0,,
1107-1194,133.0,,,4.0,,
2218-2251,132.0,,,3.5,,
2251-2219,132.0,,,3.5,,
2219-2252,132.0,,,3.5,,
2252-2558,132.0,,,3.5,,
2558-2253,133.0,,,4.0,,
2253-2254,133.0,,,4.0,,
2254-2255,132.0,,,3.5,,
2255-2256,132.0,,,3.5,,
2256-2257,132.0,,,3.5,,
2225-2257,132.0,,,3.5,,
2225-2226,133.0,,,4.0,,
2226-2228,133.0,,,4.0,,
2516-2188,122.0,,,3.0,,
2188-3355,122.0,,,3.0,,
3355-3354,121.0,,,2.5,,
3354-3353,122.0,,,3.0,,
3353-3352,122.0,,,3.0,,
3352-3351,122.0,,,3.0,,
3351-2193,122.0,,,3.0,,
2162-2228,122.0,,,3.0,,
1029-1692,147.0,,,6.0,,
1547-1187,132.0,,,3.5,,
1187-1551,132.0,,,3.5,,
1551-1189,131.0,,,3.0,,
1189-1555,132.0,,,3.5,,
1555-1556,132.0,,,3.5,,
1556-1286,132.0,,,3.5,,
S055-3087,112.0,,,3.0,,
3087-3197,111.0,,,2.5,,
3197-3127,111.0,,,2.5,,
3122-3154,111.0,,,2.5,,
3154-3152,111.0,,,2.5,,
3152-3115,111.0,,,2.5,,
3115-300E,111.0,,,2.5,,
300E-3261,111.0,,,2.5,,
3233-3261,112.0,,,3.0,,
3233-3158,112.0,,,3.0,,
3158-4157,111.0,,,2.5,,
4160-4164,122.0,,,3.0,,
4163-4267,122.0,,,3.0,,
Q610-Q535,122.0,,,3.0,,
Q535-4194,122.0,,,3.0,,
4193-4514,122.0,,,3.0,,
2112-2114,134.0,,,4.5,,
2114-2116,131.0,,,3.0,,
2116-2090,131.0,,,3.0,,
2090-2087,131.0,,,3.0,,
2087-2547,131.0,,,3.0,,
2547-2088,131.0,,,3.0,,
2088-2091,131.0,,,3.0,,
2091-2121,131.0,,,3.0,,
2121-2123,131.0,,,3.0,,
2123-2549,134.0,,,4.5,,
K141-3203,112.0,,,3.0,,
J745-K141,115.0,,,4.5,,
J745-3063,115.0,,,4.5,,
3063-3179,115.0,,,4.5,,
4160-4171,133.0,,,4.0,,
4171-4175,131.0,,,3.0,,
4175-4174,131.0,,,3.0,,
4174-4277,132.0,,,3.5,,
2119-2136,91.0,,,2.0,,
2294-2136,91.0,,,2.0,,
2120-2294,,107.0,91.0,2.5,3.0,2.0
4521-Q211,132.0,,,3.5,,
Q211-4782,132.0,,,3.5,,
4782-4938,133.0,,,4.0,,
4938-Q331,133.0,,,4.0,,
Q331-4939,133.0,,,4.0,,
4939-4940,133.0,,,4.0,,
4940-Q427,133.0,,,4.0,,
4943-4864,133.0,,,4.0,,
4864-Q468,132.0,,,3.5,,
Q468-4003,132.0,,,3.5,,
2220-3250,115.0,,,4.5,,
3250-2267,114.0,,,4.0,,
2267-2266,114.0,,,4.0,,
2266-2265,114.0,,,4.0,,
2265-2264,114.0,,,4.0,,
2264-2263,115.0,,,4.5,,
2263-2262,115.0,,,4.5,,
2262-2261,115.0,,,4.5,,
2261-2221,115.0,,,4.5,,
2202-2203,133.0,,,4.0,,
2203-2204,133.0,,,4.0,,
2204-2243,132.0,,,3.5,,
2243-2244,132.0,,,3.5,,
2244-2245,132.0,,,3.5,,
2245-2246,132.0,,,3.5,,
2246-2247,133.0,,,4.0,,
2247-2557,133.0,,,4.0,,
2557-2248,132.0,,,3.5,,
2248-3343,132.0,,,3.5,,
3343-2211,132.0,,,3.5,,
1359-1524,145.0,,,5.0,,
1679-1682,104.0,,,4.0,,
1524-1728,,138.0,105.0,1.5,5.0,4.5
2544-2556,101.0,,,2.5,,
2556-1252,101.0,,,2.5,,
1252-2569,101.0,,,2.5,,
2524-2568,104.0,,,4.0,,
2568-2551,104.0,,,4.0,,
2551-2527,104.0,,,4.0,,
2527-2552,101.0,,,2.5,,
2552-2559,101.0,,,2.5,,
1171-1172,91.0,,,2.0,,
1172-1166,91.0,,,2.0,,
1166-1563,91.0,,,2.0,,
3262-3200,112.0,,,3.0,,
3200-3199,111.0,,,2.5,,
3199-3626,112.0,,,3.0,,
3155-3223,115.0,,,4.5,,
3155-3187,115.0,,,4.5,,
3187-3205,112.0,,,3.0,,
3205-3198,112.0,,,3.0,,
3198-300B,112.0,,,3.0,,
300B-3627,112.0,,,3.0,,
3627-3622,112.0,,,3.0,,
3622-4891,112.0,,,3.0,,
3196-3262,,148.0,112.0,3.5,4.0,3.0
3034-3058,132.0,,,3.5,,
3058-3634,132.0,,,3.5,,
2501-2011,122.0,,,3.0,,
2035-2173,122.0,,,3.0,,
2173-2179,122.0,,,3.0,,
2179-2181,122.0,,,3.0,,
2181-2013,122.0,,,3.0,,
2013-2182,122.0,,,3.0,,
2182-2183,122.0,,,3.0,,
2195-3241,120.0,,,2.0,,
3241-3512,121.0,,,2.5,,
3512-3513,126.0,,,5.0,,
3513-3514,126.0,,,5.0,,
3514-3515,124.0,,,4.0,,
3519-3520,193.0,,,4.0,,
2293-2195,,140.0,120.0,2.5,4.0,2.0
3519-3518,,191.0,121.0,3.0,4.0,2.5
1359-1499,145.0,,,5.0,,
1499-1729,,138.0,105.0,1.5,5.0,4.5
3242-2227,140.0,,,2.5,,
3511-3242,143.0,,,4.0,,
3508-3511,143.0,,,4.0,,
3505-3508,144.0,,,4.5,,
3116-3505,144.0,,,4.5,,
3503-3116,140.0,,,2.5,,
3000-3503,140.0,,,2.5,,
3500-3259,179.0,,,4.5,,
3259-3000,,176.0,140.0,3.0,4.5,2.5
1515-1200,101.0,,,2.5,,
1200-1204,101.0,,,2.5,,
2200-1217,101.0,,,2.5,,
3040-3062,137.0,,,4.0,,
3062-3224,143.0,,,7.0,,
3074-3224,143.0,,,7.0,,
3239-3074,143.0,,,7.0,,
3225-3188,142.0,,,6.5,,
3188-3275,136.0,,,3.5,,
3275-3585,136.0,,,3.5,,
3585-3587,137.0,,,4.0,,
3587-3050,137.0,,,4.0,,
3050-3652,138.0,,,4.5,,
3652-3633,138.0,,,4.5,,
3633-3043,136.0,,,3.5,,
3043-4521,137.0,,,4.0,,
1037-1207,166.0,,,6.0,,
1207-1039,166.0,,,6.0,,
1588-1039,166.0,,,6.0,,
1584-1038,195.0,,,6.0,,
1038-1348,196.0,,,6.5,,
1584-1588,,186.0,166.0,1.5,6.0,6.0
3255-3253,115.0,,,4.5,,
K140-3253,115.0,,,4.5,,
300D-K140,112.0,,,3.0,,
BO08-300D,111.0,,,2.5,,
BO08-3178,112.0,,,3.0,,
2516-2033,122.0,,,3.0,,
2033-2170,122.0,,,3.0,,
2170-2169,122.0,,,3.0,,
2169-2168,122.0,,,3.0,,
2168-2167,122.0,,,3.0,,
2167-2166,122.0,,,3.0,,
2166-1326,122.0,,,3.0,,
2032-3193,122.0,,,3.0,,
2155-2163,145.0,,,3.5,,
S054-3134,112.0,,,3.0,,
3134-3135,111.0,,,2.5,,
3135-3123,111.0,,,2.5,,
3121-3120,111.0,,,2.5,,
3120-3119,111.0,,,2.5,,
3119-3114,111.0,,,2.5,,
3114-3615,112.0,,,3.0,,
3615-300G,112.0,,,3.0,,
3263-300G,111.0,,,2.5,,
3231-3263,112.0,,,3.0,,
3231-3113,112.0,,,3.0,,
3113-4135,112.0,,,3.0,,
4521-4005,132.0,,,3.5,,
4005-4006,132.0,,,3.5,,
4006-Q026,132.0,,,3.5,,
Q031-4007,131.0,,,3.0,,
4007-4720,131.0,,,3.0,,
4720-4500,132.0,,,3.5,,
1286-1048,177.0,,,6.5,,
1075-1048,176.0,,,6.0,,
1049-1075,175.0,,,5.5,,
4514-4515,134.0,,,4.5,,
4515-Q132,131.0,,,3.0,,
Q132-4516,131.0,,,3.0,,
4516-Q279,131.0,,,3.0,,
4519-Q270,132.0,,,3.5,,
Q270-4520,131.0,,,3.0,,
4520-Q162,130.0,,,2.5,,
Q162-4521,132.0,,,3.5,,
2077-2078,124.0,,,3.0,,
3240-3177,115.0,,,3.0,,
3177-3176,115.0,,,3.0,,
3176-3623,115.0,,,3.0,,
3624-3204,114.0,,,2.5,,
3204-3181,114.0,,,2.5,,
3181-3207,115.0,,,3.0,,
3207-3183,115.0,,,3.0,,
3183-3206,115.0,,,3.0,,
3206-3604,115.0,,,3.0,,
3604-4891,115.0,,,3.0,,
3161-3240,,158.0,115.0,3.5,4.5,3.0
1369-1526,145.0,,,5.0,,
1436-1435,104.0,,,4.0,,
1435-1210,104.0,,,4.0,,
1210-1213,104.0,,,4.0,,
1213-1215,104.0,,,4.0,,
1215-2228,104.0,,,4.0,,
1526-1731,,138.0,105.0,1.5,5.0,4.5
1369-1525,145.0,,,5.0,,
1469-1680,104.0,,,4.0,,
1680-1681,104.0,,,4.0,,
1681-1683,104.0,,,4.0,,
1683-2216,104.0,,,4.0,,
1525-1730,,138.0,105.0,1.5,5.0,4.5
3316-3136,135.0,,,5.0,,
3136-3139,132.0,,,3.5,,
3139-3151,132.0,,,3.5,,
2210-2141,102.0,,,3.0,,
2141-2149,102.0,,,3.0,,
2149-2038,102.0,,,3.0,,
2038-2140,102.0,,,3.0,,
2140-2085,102.0,,,3.0,,
2085-3019,102.0,,,3.0,,
2147-2210,,107.0,102.0,3.0,3.5,3.0
2008-2049,122.0,,,3.0,,
2049-2056,120.0,,,2.0,,
2056-2055,120.0,,,2.0,,
2055-2066,122.0,,,3.0,,
3144-3148,111.0,,,2.5,,
3148-3611,111.0,,,2.5,,
3611-3214,111.0,,,2.5,,
3214-4146,112.0,,,3.0,,
4160-4161,122.0,,,3.0,,
4165-4162,120.0,,,2.0,,
4162-4268,121.0,,,2.5,,
1258-1581,154.0,,,4.5,,
1581-1263,154.0,,,4.5,,
1263-1351,153.0,,,4.0,,
1351-1268,154.0,,,4.5,,
1137-1182,91.0,,,2.0,,
1182-1138,91.0,,,2.0,,
1138-1542,91.0,,,2.0,,
2501-2160,121.0,,,2.5,,
2160-2502,120.0,,,2.0,,
2502-2503,120.0,,,2.0,,
2503-2504,122.0,,,3.0,,
2504-2505,122.0,,,3.0,,
2506-2505,120.0,,,2.0,,
2506-2507,120.0,,,2.0,,
2507-2508,120.0,,,2.0,,
2508-2157,120.0,,,2.0,,
2157-2156,120.0,,,2.0,,
2156-2509,121.0,,,2.5,,
1131-1134,112.0,,,3.0,,
1134-1132,112.0,,,3.0,,
1132-2098,112.0,,,3.0,,
2042-2016,122.0,,,3.0,,
2016-2045,120.0,,,2.0,,
2045-2039,120.0,,,2.0,,
2039-2098,122.0,,,3.0,,
3085-3071,122.0,,,3.0,,
3073-3072,120.0,,,2.0,,
1515-1202,101.0,,,2.5,,
1202-1205,101.0,,,2.5,,
1205-2206,103.0,,,3.5,,
2206-1209,103.0,,,3.5,,
1209-2205,101.0,,,2.5,,
2205-1220,101.0,,,2.5,,
1220-1203,101.0,,,2.5,,
1203-2516,101.0,,,2.5,,
2516-2560,101.0,,,2.5,,
2560-2567,101.0,,,2.5,,
2567-1253,101.0,,,2.5,,
1253-2561,101.0,,,2.5,,
2561-2528,101.0,,,2.5,,
2528-2529,103.0,,,3.5,,
2529-2530,104.0,,,4.0,,
2530-2531,104.0,,,4.0,,
2531-2532,103.0,,,3.5,,
2532-1255,101.0,,,2.5,,
1255-2563,101.0,,,2.5,,
2563-2562,101.0,,,2.5,,
2562-3575,101.0,,,2.5,,
2290-3060,126.0,,,2.5,,
3060-3013,125.0,,,2.0,,
3013-3101,127.0,,,3.0,,
3101-3010,127.0,,,3.0,,
3010-3045,125.0,,,2.0,,
1045-1080,112.0,,,3.0,,
1080-1104,112.0,,,3.0,,
1104-1106,112.0,,,3.0,,
1106-1206,112.0,,,3.0,,
1206-1199,112.0,,,3.0,,
1199-1108,112.0,,,3.0,,
1108-1082,112.0,,,3.0,,
1082-2042,112.0,,,3.0,,
3126-3289,152.0,,,3.5,,
3289-3288,152.0,,,3.5,,
3007-3015,134.0,,,2.0,,
3005-3007,,150.0,134.0,2.5,4.0,2.0
3561-3024,134.0,,,4.5,,
3024-3221,133.0,,,4.0,,
3221-3260,133.0,,,4.0,,
3260-3636,132.0,,,3.5,,
3636-3021,133.0,,,4.0,,
3021-4875,134.0,,,4.5,,
2124-2131,96.0,,,2.0,,
2292-2131,96.0,,,2.0,,
2122-2292,,117.0,96.0,2.5,3.5,2.0
1133-1183,91.0,,,2.0,,
1183-1139,91.0,,,2.0,,
1139-1542,91.0,,,2.0,,
2064-2075,96.0,,,2.0,,
2075-2071,96.0,,,2.0,,
1045-1542,132.0,,,3.5,,
1542-1577,133.0,,,4.0,,
1577-1185,132.0,,,3.5,,
1185-1184,132.0,,,3.5,,
1184-1115,132.0,,,3.5,,
S056-3589,123.0,,,3.5,,
3589-3590,122.0,,,3.0,,
3590-3577,123.0,,,3.5,,
3577-3584,123.0,,,3.5,,
3584-3580,122.0,,,3.0,,
3580-3653,121.0,,,2.5,,
3653-3201,121.0,,,2.5,,
3201-3576,122.0,,,3.0,,
2078-2089,132.0,,,3.5,,
2089-2092,131.0,,,3.0,,
2092-2143,132.0,,,3.5,,
2074-2076,91.0,,,2.0,,
2076-2072,91.0,,,2.0,,
1115-1545,132.0,,,3.5,,
1545-1548,132.0,,,3.5,,
1548-1549,130.0,,,2.5,,
1549-1552,130.0,,,2.5,,
1552-1553,130.0,,,2.5,,
1553-1554,132.0,,,3.5,,
1554-1268,132.0,,,3.5,,
1554-1143,75.0,,,2.5,,
1143-1178,73.0,,,1.5,,
1178-1163,74.0,,,2.0,,
1163-1551,74.0,,,2.0,,
3576-4785,131.0,,,3.0,,
4785-Q253,132.0,,,3.5,,
Q253-4794,132.0,,,3.5,,
4794-4800,132.0,,,3.5,,
4800-Q369,131.0,,,3.0,,
Q369-Q433,131.0,,,3.0,,
Q433-Q509,131.0,,,3.0,,
Q509-4865,131.0,,,3.0,,
4865-4866,131.0,,,3.0,,
4866-Q723,131.0,,,3.0,,
Q723-4891,131.0,,,3.0,,
4270-4268,165.0,,,5.5,,
4201-4268,165.0,,,5.5,,
4100-4201,164.0,,,5.0,,
4275-4100,164.0,,,5.0,,
4275-4277,164.0,,,5.0,,
2137-2070,132.0,,,3.5,,
2070-2073,131.0,,,3.0,,
2073-2078,132.0,,,3.5,,
4277-4280,164.0,,,5.0,,
4200-4280,164.0,,,5.0,,
4267-4200,165.0,,,5.5,,
4267-4283,165.0,,,5.5,,
2098-2101,102.0,,,3.0,,
2101-2105,102.0,,,3.0,,
2105-2100,102.0,,,3.0,,
2100-3067,102.0,,,3.0,,
3104-3065,121.0,,,2.5,,
3065-3069,120.0,,,2.0,,
3069-3068,120.0,,,2.0,,
4135-E127,136.0,,,5.5,,
E207-E334,131.0,,,3.0,,
E334-E407,130.0,,,2.5,,
E407-E439,130.0,,,2.5,,
E439-4239,130.0,,,2.5,,
4239-E495,130.0,,,2.5,,
E495-E471,131.0,,,3.0,,
E471-3568,131.0,,,3.0,,
3568-4270,131.0,,,3.0,,
3586-3049,134.0,,,4.5,,
3049-3222,134.0,,,4.5,,
3222-3054,134.0,,,4.5,,
3054-3635,133.0,,,4.0,,
3635-3047,133.0,,,4.0,,
3047-4905,133.0,,,4.0,,
3257-3768,180.0,,,3.0,,
3768-3767,180.0,,,3.0,,
3767-3765,180.0,,,3.0,,
3258-3184,180.0,,,3.0,,
3184-3193,181.0,,,3.5,,
2555-2125,80.0,,,2.5,,
2125-2129,79.0,,,2.0,,
2129-2127,79.0,,,2.0,,
2127-2203,79.0,,,2.0,,
2555-2126,79.0,,,2.0,,
2126-2130,79.0,,,2.0,,
2130-2128,79.0,,,2.0,,
2128-2226,79.0,,,2.0,,
2010-2008,132.0,,,3.5,,
2010-2237,132.0,,,3.5,,
2237-2236,132.0,,,3.5,,
2236-JF01,132.0,,,3.5,,
JF01-2086,132.0,,,3.5,,
2086-2021,133.0,,,4.0,,
2509-2555,125.0,,,4.5,,
2555-2216,125.0,,,4.5,,
3080-3612,115.0,,,2.5,,
3612-3274,115.0,,,2.5,,
3274-3086,115.0,,,2.5,,
3086-4146,116.0,,,3.0,,
3273-3357,107.0,,,4.0,,
3357-3048,107.0,,,4.0,,
2138-2268,132.0,,,3.5,,
2268-2269,132.0,,,3.5,,
2269-2148,131.0,,,3.0,,
2148-2155,131.0,,,3.0,,
4157-E150,135.0,,,5.0,,
E238-E353,131.0,,,3.0,,
E353-E423,130.0,,,2.5,,
E423-E460,130.0,,,2.5,,
E460-4238,130.0,,,2.5,,
4238-3569,130.0,,,2.5,,
3569-E493,131.0,,,3.0,,
E493-4283,131.0,,,3.0,,
1029-0016,132.0,,,3.5,,
0016-1421,132.0,,,3.5,,
1421-JF58,132.0,,,3.5,,
JF58-1218,132.0,,,3.5,,
1218-1100,132.0,,,3.5,,
1100-1050,132.0,,,3.5,,
1050-1045,132.0,,,3.5,,
3023-3009,134.0,,,2.0,,
3006-3287,152.0,,,3.5,,
3287-3286,152.0,,,3.5,,
3286-3124,152.0,,,3.5,,
3006-3009,,150.0,134.0,2.5,3.5,2.0
1551-1141,72.0,,,2.0,,
1141-1181,72.0,,,2.0,,
1181-1162,71.0,,,1.5,,
1162-1545,72.0,,,2.0,,
1554-1142,74.0,,,2.0,,
1142-1176,73.0,,,1.5,,
1176-1160,73.0,,,1.5,,
1160-1550,74.0,,,2.0,,
2021-2084,132.0,,,3.5,,
2084-2189,131.0,,,3.0,,
2189-2190,131.0,,,3.0,,
2190-2036,131.0,,,3.0,,
2036-2042,132.0,,,3.5,,
2295-2198,133.0,,,3.0,,
2198-2296,135.0,,,4.0,,
2296-3202,138.0,,,5.5,,
3270-3202,138.0,,,5.5,,
3227-3270,138.0,,,5.5,,
3227-3143,138.0,,,5.5,,
3269-3142,112.0,,,3.0,,
3143-3269,,133.0,112.0,3.0,5.5,3.0
3500-3012,131.0,,,4.5,,
3012-3228,136.0,,,7.0,,
3228-3026,136.0,,,7.0,,
3026-3229,135.0,,,6.5,,
3229-3014,135.0,,,6.5,,
1112-1278,122.0,,,3.0,,
1278-1302,121.0,,,2.5,,
1302-1283,121.0,,,2.5,,
1283-2547,122.0,,,3.0,,
1550-1140,72.0,,,2.0,,
1140-1180,72.0,,,2.0,,
1180-1161,71.0,,,1.5,,
1161-1545,72.0,,,2.0,,
3092-3175,133.0,,,3.5,,
3265-3185,120.0,,,2.0,,
3185-3180,120.0,,,2.0,,
3175-3265,,131.0,120.0,2.5,3.5,2.0
2548-2107,91.0,,,2.0,,
2115-2106,90.0,,,1.5,,
3001-3033,122.0,,,3.0,,
3033-3053,120.0,,,2.0,,
3053-3100,120.0,,,2.0,,
3100-3057,122.0,,,3.0,,
3038-300A,132.0,,,3.5,,
300A-3235,139.0,,,7.0,,
3235-3061,139.0,,,7.0,,
3061-3234,138.0,,,6.5,,
3234-3041,138.0,,,6.5,,
2546-2108,91.0,,,2.0,,
2117-2109,90.0,,,1.5,,
3151-3153,181.0,,,3.5,,
3153-3256,180.0,,,3.0,,
3759-3321,183.0,,,4.5,,
3321-3758,180.0,,,3.0,,
3758-3757,180.0,,,3.0,,
3757-3322,180.0,,,3.0,,
3322-3756,180.0,,,3.0,,
3756-3164,181.0,,,3.5,,
1558-1281,122.0,,,3.0,,
1281-1306,121.0,,,2.5,,
1306-1285,121.0,,,2.5,,
1285-2547,122.0,,,3.0,,
2155-2165,131.0,,,3.0,,
2273-2165,131.0,,,3.0,,
2273-2272,131.0,,,3.0,,
2272-2175,132.0,,,3.5,,
2111-2118,90.0,,,1.5,,
2110-2546,91.0,,,2.0,,
1515-1222,131.0,,,3.0,,
1222-K441,131.0,,,3.0,,
K441-K442,129.0,,,2.0,,
K442-1193,130.0,,,2.5,,
1193-1527,132.0,,,3.5,,
2509-2153,121.0,,,2.5,,
2153-2154,120.0,,,2.0,,
2154-2510,120.0,,,2.0,,
2510-2511,121.0,,,2.5,,
2511-2512,120.0,,,2.0,,
2512-2513,121.0,,,2.5,,
2513-2514,121.0,,,2.5,,
2514-2152,120.0,,,2.0,,
2152-2515,120.0,,,2.0,,
2515-2516,121.0,,,2.5,,
3111-3081,122.0,,,3.0,,
3111-3064,120.0,,,2.0,,
3064-3052,120.0,,,2.0,,
3052-3037,122.0,,,3.0,,
4135-4138,132.0,,,3.5,,
4138-E050,131.0,,,3.0,,
E050-4000,131.0,,,3.0,,
4000-4142,131.0,,,3.0,,
4142-4792,130.0,,,2.5,,
4792-E051,130.0,,,2.5,,
E051-JF04,132.0,,,3.5,,
JF04-E053,132.0,,,3.5,,
E053-E054,130.0,,,2.5,,
E054-E055,130.0,,,2.5,,
E055-E057,130.0,,,2.5,,
E057-4143,130.0,,,2.5,,
4143-4144,130.0,,,2.5,,
4144-E058,130.0,,,2.5,,
E058-4146,131.0,,,3.0,,
2549-2093,91.0,,,2.0,,
2093-2113,90.0,,,1.5,,
2113-2094,90.0,,,1.5,,
2094-2548,91.0,,,2.0,,
2297-K595,138.0,,,5.5,,
3266-K595,138.0,,,5.5,,
3230-3266,138.0,,,5.5,,
2207-3230,138.0,,,5.5,,
3125-2207,137.0,,,5.0,,
3125-2000,137.0,,,5.0,,
3271-3272,116.0,,,3.0,,
3272-3075,116.0,,,3.0,,
2000-3271,,133.0,116.0,3.0,5.0,3.0
1331-1328,71.0,,,2.5,,
3085-3089,132.0,,,3.5,,
3089-3095,130.0,,,2.5,,
3095-3099,130.0,,,2.5,,
3264-3099,130.0,,,2.5,,
3094-3092,142.0,,,3.5,,
3094-3264,,140.0,130.0,2.5,3.5,2.5
3092-3132,152.0,,,3.5,,
3247-3166,130.0,,,2.5,,
3166-3165,129.0,,,2.0,,
3165-3098,130.0,,,2.5,,
3098-3104,132.0,,,3.5,,
3132-3247,,150.0,130.0,2.5,3.5,2.5
1509-1191,131.0,,,3.0,,
1191-1510,130.0,,,2.5,,
1510-1513,129.0,,,2.0,,
1513-1251,130.0,,,2.5,,
1251-1515,131.0,,,3.0,,
1305-1509,92.0,,,2.5,,
4696-4183,130.0,,,2.5,,
4183-4185,129.0,,,2.0,,
4185-4184,129.0,,,2.0,,
4184-3576,130.0,,,2.5,,
3067-3044,122.0,,,3.0,,
3044-3077,120.0,,,2.0,,
3077-2291,121.0,,,2.5,,
2291-3081,122.0,,,3.0,,
4146-E059,131.0,,,3.0,,
E059-4147,130.0,,,2.5,,
4147-4148,130.0,,,2.5,,
4148-E061,130.0,,,2.5,,
E061-E062,130.0,,,2.5,,
E062-E063,130.0,,,2.5,,
E063-E064,130.0,,,2.5,,
E064-E066,130.0,,,2.5,,
E066-4795,130.0,,,2.5,,
4795-4149,130.0,,,2.5,,
4149-4793,131.0,,,3.0,,
4793-E068,131.0,,,3.0,,
E068-4152,131.0,,,3.0,,
4152-4157,132.0,,,3.5,,
1369-1414,73.0,,,2.0,,
1527-1308,91.0,,,2.0,,
1359-1412,74.0,,,2.0,,
1362-1413,74.0,,,2.0,,
1362-1567,132.0,,,3.5,,
1567-1569,131.0,,,3.0,,
1569-1568,131.0,,,3.0,,
1568-2509,131.0,,,3.0,,
1316-1315,66.0,,,2.0,,
1318-1319,62.0,,,2.0,,
